period	messages	canonical_sha256
2015-01	333	c67b86cc27915ce98f5f8fb1cdc1e5440d408f3683ac62c7f668a9f30184373f
2015-02	312	65ae845deeddfb4e5288f8f3940478ad993601d5aad4e445304179cdce6efaf2
2015-03	280	c5a8ed1dff1994dcd179c0f192fab7ffc674f5da9bb166acd494b5428fb68b12
2015-04	631	c22d93588ec21bc20fea19a4621d564a2e53aa6cf5eb91560dc304358ec8dcd6
2015-05	308	d49e20336d30b405b43f6d2be39eca08022d3a8bc799001b188d9de693cb9dc6
2015-06	227	85951ae32b5a5596131aa7a203435b62d1af532b9f8417549510767e9d2aaad8
2015-07	289	2f659234ed4cf1bac342b824232a7530d02fe298ebff99d01ab1c93d1f91530f
2015-08	556	53d64f6843887a5e9906c25b3255749fa72873250aaf290116465d5bc1d117bc
2015-09	220	8540719386ece5c1a763a9c6ad5a94c44ee3bf19317cae889549effecc0049de
2015-10	254	40497e3ea53956eb126ecdb32ab4d81d3eae224f33b67b9e4b42a113b67e1028
2015-11	196	9fa555271cfce66b2e75d8ae5a5fd367bbf5a470f059551735af4b8d37166a8a
2015-12	213	e3ffc6846094a495cd9d7f3c011143b471c5f7611f993a834663a84034d1abdc
2016-01	526	990f02913a3626b68bd784e90f77c0c48695ec9dc71df54d57393c46b24f4c43
2016-02	233	c26820c848f86b84af68a6d7dc280dcd3763d58832d9dc90912faeaaefffcdb0
2016-03	262	6304ed31b6feac0094e364cfe1481e86f962dc1c426f72439a67495c803ff272
2016-04	184	a1405464790ff02aa24e4b6b4e6a8ad6a30a31d03c8497ea1ccc9e0f092486a3
2016-05	226	5d7e8b201a416c4567b0b1c9b1a463b4470842eef53a36f31fa987b065ba5690
2016-06	224	d9e7f6168e558ebaa07dfa2a9662051e3f65047c0820b4158f26112d83fc69e8
2016-07	198	7530d1a340c18294fd1e0f6cc00586281479702f005d93b9b1fc91b6034779f9
2016-08	156	dc5dc9cdfc1711bcafeb90d17208a3b00e949768fbcd8b96dc263a1259691bcc
2016-09	182	e4b63e225ab1dd0d26088498e18343cccd76fdfdbc8e12bae5cb9ef83e60576a
2016-10	204	367ded3f7234b5e0a0b790323518f5a8928a2717d133f934c9cd7fed903c1b3c
2016-11	104	bf662d0f1abecaf6e6699c39d3988b316ade07dee954e810fe0a7cb36a00ab19
2016-12	99	426817fed52fdf1189388feb632a653086686c0dac8ab13d6ac885a66039316c
2017-01	74	d80af7b27fb5492c67ceebeac84f43d0f3cbcb5aad709bd3c8682321e2d6be74
2017-02	290	07d596d57a991630d8cf219419bfc02365be8e10f45b314683b8827b8ed44d89
2017-03	252	6587729814ee078a95e3de0a2fd4d64f6a51b685dc5e817b09840e6576e733bc
2017-04	326	19a7c675aeca1ac40f1eb82f0c5bb4c278d80a5ee60314b60790f3ad8ae97eec
2017-05	233	d25b975378540568bc55df28ad9e6e0dde868a730c531195b55b5f92f5edbfbf
2017-06	155	a06e44bd3a8544c01bf5da2702937d56b6cadc47349972228ac62c9337eb5675
2017-07	196	45475d5a78ec2176395c8c83f5aaa3c04ea1f9ea5ae8539d30562b3c743bc8ec
2017-08	259	bf1f8cc0733234d82ac309aa1c69ed34f59bea4b591d814663c215ac87b25637
2017-09	194	20516f3897a0cbc9ca7070877bbee018f167d7beee4b91d2dd65fb3b097d1e54
2017-10	172	0753d3d128fdd28fafab85d2e3aa73bd9d1193b3a9f778c57e9703bf03aea0a8
2017-11	81	ffc97093ba83088c731ebf67b76439733804862cfcdc3de22716b46ad9b3d023
2017-12	94	83234da38a03ccf2ed23f9f6c4e9c2b262b74f69964d4520544d52090b8553e9
2018-01	103	c648eb4d740bc556e89e81bc5dec802f48188eaefa565a99d8b05950f90b1043
2018-02	101	e082cf60e6ca1cddbb24f8809120ab41fe51ecab45c94e2fc26d22b787aa6970
2018-03	115	4ba36e6f4c41cbf33d8c2f42b1e1702afeb2004ebca36f38c752c8f5bb1392e8
2018-04	152	fc7ee0e99105833b7aeb96faa62b1d3e424c42e2d6e7029dbf17cf5224c707fd
2018-05	151	2e1cf87d260cef065d7e113ed86f6d1efaa01bdf4fcffa0e073b2c41dc2aa31d
2018-06	102	996c4732da2d92721814195011ea2b6db0c361fe9eba096376425eb53e468652
2018-07	146	f26e1bc005423c24524dbc78700b380b38015ca350741012dfe6f1217c2d4af5
2018-08	178	b4ea8f6554281db3ee820b5226e15db2d4be6a3cdcb79263b997317d9b7c2599
2018-09	110	38fdc01e6e2911d1ff3d12fc006cc2259c1bc68a4906673fbd735cc083b40e67
2018-10	193	d3a17ba1b129c3d1c41875f09d441c05c2ed6d7d203f0b8ed8de9d626147cbfa
2018-11	246	287f128ba2630c94b010c6c75ca085739bb21a23341838c1e8312aa2f300dce7
2018-12	216	c234c3f6e2abadb862dfa7bc78e263d4e4af6eb193ace3ac5b08f73e35969a7e
2019-01	101	0b4de96ebe69fe46655a13f1fd7844fa232e92b1323a9b083384f4cac588c28e
2019-02	128	685dc8c628212792f14d7e781e6eddc7acd5a4cf2549a298118cb6bec60a7b97
2019-03	144	6c31acf803d9a6faf3b2b8e12bb375fd3ea6a465a1c6ebfa4a792491bfb1d286
2019-04	104	2a329fc77c9fb042f0dee5070c20328d446722d91789d8069e73c74da3dc2b4a
2019-05	131	cf789c66912ac8fe5ee06598028df9fc76c3ca278ec92ce41ba2d6ebb19c30b6
2019-06	176	ef75b7f1fe785064fef4bf5c825ea44e43df917ad71de008f37e0682b093dc02
2019-07	143	74dbc95ef5199fd421ea513bbd957475e211f51021bbd12b6549a862a0f04fd6
2019-08	164	30a232d606eee1c752a3c5ea480eaaa4d238d0c4e8fa361429dc4e4ea515c7aa
2019-09	117	0e3967fd84b9c0936d4d028491c5665f3a0e0aabf764c78449d567210340121c
2019-10	162	97afde3b0ecb0095b441a5addef0d4385fdd40cc16e53ca9ca21546deba575be
2019-11	117	b9fe22c74e32590391adb9dad44a5d719b63cd90402a4f2a078d97345063b8f6
2019-12	50	93395b978eeb41bd24a11c02d37f78985c26c1c9c09bc0dc22785bf7af6ceb68
2020-01	157	4d2e839b2bf11fa3a084cc492669403c440aa406004ce25eb253911d2b665ef2
2020-02	135	e917d23269b6ddf5fdc47d406bc2d8a476907f08d3c23bacfdb90c436b31a589
2020-03	124	a6862be93887334e6e81218727a206c5204ed3829d553f0f0f7b023ce48ac09c
2020-04	216	c45bbaca385e44a78ce12787bc063272333f83cea8d1d80bfc8ea33450f16d9b
2020-05	163	5c997b9f2d17301b0ad2c2b6132e131f74aabf99d68b7cc1ca4f850237fdb5b1
2020-06	208	b2f4db1a9280f0f2b3d59c6b70714ebd5aa651935fc8922a2648ca182ca1ef8b
2020-07	101	72120ddb5480d9005d5f97026bbec9aa468e4fb631d332e33e087f41faf1993c
2020-08	167	e7663ae808aace6c6a10c0cad2a15865881fd9a31f3b797dc5ed8f6f433ea516
2020-09	196	19b0829cd064a2b0084de1e65e239b68605eb997703f605ea6d578861ba51833
2020-10	317	a5cec985a6d130ac2762bd8d6acb533218a8360d90788fb62799d6d25bfb4d8b
2020-11	155	dda4caaba092bc8a6557a5164b9a321df97a3a6359ca7eb7ab66a2f377e07b92
2020-12	55	3d1334907d42a80855786fedc8299a37d7d8859ad054e0a08e4d2bad0366ffa9
2021-01	83	0838e1a6ced6387157bfd83bf67202de0259a2ffc2786da2d71973240d6278a6
2021-02	123	f49b06d4b78b1dba52a0a4a62841d9aa6725aaf7035ca55cc90f06123b4435d6
2021-03	94	0c0cd4f05b44d8d975db325711658f41d458c4d6e78d5c4051de11cf23651604
2021-04	59	2de78efffd2d17efb62d58fdce9f18b86d4b46246e27a22b5c7acd8a174f663c
2021-05	172	581949f6761e35268191b41885601d488999cc94137c4bc555557724ead652a8
2021-06	119	9ecae154db3c3420dcabc93c0988b3b4f54a593f191586dfc84861b1b884a0b6
2021-07	141	5770df756bbd975773f642c665c410544c8cd31929b5100fab003f9b85f4d943
2021-08	129	58814331e2d690f2e65ec05ab86aecac966b8a8a758c2701805ca12a82355818
2021-09	79	96b9ee216671e4c89c1718222c57e5f312699f9c44c9ddfbd82b202b819743d3
2021-10	169	229477aac462345cc50ffb7cac5d706d0a4ff68f83cf1623557bfbede5f1de89
2021-11	187	6f2e0bcb266d99c400dc44bf20abfb1408be862d9c2a0b311baed0025c8f15c8
2021-12	92	92d81796dddb4c660ac9f19291f57c93dec62a0159d88f020b0b073a5479ac02
2022-01	70	9c4e19b8f1f5e228393dd8436463b70eb99f6f010dc6fb64f0aff28b70657a65
2022-02	151	34dca6a46ef1e122402c542b2475ad83641955a0415de9c6fe4accbae981e06e
2022-03	127	fcd6451308d977b2d8c49215845e3a056687ee62e6895a50b3e6c1291de730cb
2022-04	77	ab75c8b53dc617c3ee5c23fa31e6511d0c13e4267db2defb645a783559aeb163
2022-05	40	011292ccdc8392e2b03299f1cc8b2a674e460c14f3eb0463b7476ee8ff38e79d
2022-06	81	25f3f05c33fc484e6faae8fd6e98abcf69f0306ed37c241ec2c6b71e84a500c8
2022-07	152	c92e066d1d79a5aff88a12a725be940b629b8a51bb23d84609766a129804b6a3
2022-08	87	9c88830c077e6257ac31352ecd8f13bf6a5689510938a165a46e514b36594e45
2022-09	52	12c71c135aa710faf6e38487b02524d437840c7c892e030b28e8ff33e23205fc
2022-10	44	f02f09b3d8ef0a56c011ef283e90a0ce0046f87f03cd34a4275e694366262f5f
2022-11	27	9634f0b54cfbedceee69d752cc67e2d2e6931fe0e80fec9627b3a6a3e856c651
2022-12	13	43c7d4848fe0118370e39a525d35102887a94e14fac438188591d4ae591a65e3
2023-01	38	ff2af76e3b260fb3be29e11ddfb7761f895d77754af79814126f4c86ade5be2b
2023-02	79	5f807209169353e9066a0265e6688e6b147a9047ceaf4df2f3ac2b34190c871e
2023-03	39	98509fadede25b8733a009f619457895d3fb9dbdd5b64da06d7b1ec29bbb70bf
2023-04	146	30925f93cd791c5ee7a6680eddf5c994d220bf8ce062abc725f43bbabf49ab8f
2023-05	54	78063e2017a0af8bfb47c412e6f48a9422f0f8665d0b433eccaad76a3a1c6c91
2023-06	92	a9b782f1cd5e9631e12f60b061c38429bbf875c53f7603ef44c54df228b7f146
2023-07	42	a054db5e999d4d8c250a9ebee2fb3a473bfbdd527a14ff965a842d907d4f1475
2023-08	25	4a18249763aeaf2b45a1303107d370779369e035d40ec6dbd9486c98eee61944
2023-09	24	18dfb436dbfa22f3f1cfa10ac891efbc0842d56ee2e67320be34525bc6344055
2023-10	15	b9dceefbf2da853e75adb9f61e696c2940a2c99fda8e016fac822cec5d498e08
2023-11	35	ad65c21b8988dc01da68a7067ed1bea5b213145cdd11c2bec71d5ac0b5fdb6bb
2023-12	47	64e521e7e03e2b6d5a52629e56c900b864da2e9f39900f5fe07918109ba39cbf
2024-01	64	0ab46fc01f5100045bddd29429044e008264557871972910188321d2912f4c21
2024-02	19	c76abe79587313be4f3fd08944940a43086a5dae2b25364c6ec5ae9c5f922eb0
2024-03	33	e949c713272b19d6c7fb61b8ef2bd5aff11db9cc6dac7817efbac44df127dbef
2024-04	12	cbb2af0988983087e9f074149b650ce43a7831e75727767504a79b5d16e049ec
2024-05	21	54e40442f12a4d97a2ccfcb2f9df31842b1d4fe87c5ff47861e2a84c28d567ca
2024-06	21	4dbb704814fa83faf2f8b2026383b0dd5c766f4676469d6c3dcf24640317528c
2024-07	14	5bac35dec6295929fdc6c593c1846f33188840e34b15290116c568ae7361da36
2024-08	10	ba69cde567b71dd8efc420e5ebdb8b00956a139b15d38607e7c21f6f61a8f13d
2024-09	39	e4b0a28183e0c639f86b5766d0ff8e4bd42241026a14147d5a4de684d8eb855a
2024-10	11	7c1f20b07d1a7b862d15f57eb2d5360d35dcad96de132f809437cc260d613b14
2024-11	2	3a357915faa686c2cb810426a64da180d631001172934511b00417cd2e780d20
2024-12	9	0b0d26c9b7e945e07f84c074a4a1cceeb0a1863e578d3e6aa4cc4bc00bd58e55
2025-01	16	db7ecc4ae0af933fb565f8033a0bd28f0d21d075eb7c9a517a95f5049aadfba4
2025-02	3	814fd6b848a03faae380a530b615292d0201e1dab2d1dd311b4d706220297a73
2025-03	10	ccf19934b88d6d60e562ea51fd3325d85245e4e838d90e252a943154e33ed8b5
2025-04	3	641a270e748c50f83733f0ea12f583717996b49da0d31bf9e4407e807e789b00
2025-05	0	e3b0c44298fc1c149afbf4c8996fb92427ae41e4649b934ca495991b7852b855
2025-06	12	de20e4a09531588ca6c13bcdfb770be112d53e986da7717b1429ed1226cbd122
2025-07	11	d38342d54218223724f424834152244bcce4b12349f5748e49b34519e5220701
2025-08	26	ddb3de1936a688ecad382deaedb12a59e2633a8170699b252a5b8e64461d6b0a
2025-09	22	4d7dd31582362b9fcd7b5a802051a80dca456d2bb8bf5aaaa11c54698b4aa857
2025-10	0	e3b0c44298fc1c149afbf4c8996fb92427ae41e4649b934ca495991b7852b855
2025-11	0	e3b0c44298fc1c149afbf4c8996fb92427ae41e4649b934ca495991b7852b855
2025-12	11	9c4903760e10bfa760f30746265268049c745c70c44fea826a45a859b5ee809c
